q4_0_o512_n1	7.18
q4_0_o512_n2	7.53
q4_0_o512_n3	8.44
q4_0_o512_n4	9.25
q4_0_o512_n5	10.05
q4_0_o512_n6	11.26
q4_0_o512_n7	11.79
q4_0_o512_n8	13.72
q4_0_o1024_n1	9.01
q4_0_o1024_n2	9.85
q4_0_o1024_n3	11.90
q4_0_o1024_n4	12.90
q4_0_o1024_n5	14.54
q4_0_o1024_n6	16.69
q4_0_o1024_n7	21.35
q4_0_o1024_n8	21.01
q4_0_o2048_n1	13.02
q4_0_o2048_n2	14.95
q4_0_o2048_n3	17.87
q4_0_o2048_n4	22.77
q4_0_o2048_n5	24.44
q4_0_o2048_n6	28.08
q4_0_o2048_n7	31.78
q4_0_o2048_n8	40.27
q4_0_o4096_n1	21.57
q4_0_o4096_n2	24.58
q4_0_o4096_n3	30.53
q4_0_o4096_n4	37.31
q4_0_o4096_n5	43.45
q4_0_o4096_n6	50.70
q4_0_o4096_n7	57.46
q4_0_o4096_n8	66.56
q4_0_o8192_n1	37.43
q4_0_o8192_n2	44.71
q4_0_o8192_n3	58.11
q4_0_o8192_n4	71.19
q4_0_o8192_n5	83.42
q4_0_o8192_n6	97.70
q4_0_o8192_n7	109.20
q4_0_o8192_n8	126.60
q4_0_o17408_n1	231.19
q4_0_o17408_n2	232.83
q4_0_o17408_n3	234.70
q4_0_o17408_n4	240.19
q4_0_o17408_n5	245.87
q4_0_o17408_n6	254.34
q4_0_o17408_n7	264.11
q4_0_o17408_n8	296.81
q8_0_o512_n1	9.78
q8_0_o512_n2	10.05
q8_0_o512_n3	10.58
q8_0_o512_n4	11.16
q8_0_o512_n5	11.83
q8_0_o512_n6	12.65
q8_0_o512_n7	14.04
q8_0_o512_n8	16.06
q8_0_o1024_n1	11.65
q8_0_o1024_n2	12.02
q8_0_o1024_n3	12.96
q8_0_o1024_n4	15.39
q8_0_o1024_n5	17.23
q8_0_o1024_n6	19.41
q8_0_o1024_n7	21.67
q8_0_o1024_n8	24.52
q8_0_o2048_n1	19.81
q8_0_o2048_n2	19.73
q8_0_o2048_n3	21.32
q8_0_o2048_n4	24.59
q8_0_o2048_n5	31.94
q8_0_o2048_n6	33.15
q8_0_o2048_n7	38.26
q8_0_o2048_n8	42.53
q8_0_o4096_n1	36.09
q8_0_o4096_n2	38.06
q8_0_o4096_n3	38.74
q8_0_o4096_n4	43.97
q8_0_o4096_n5	51.38
q8_0_o4096_n6	59.19
q8_0_o4096_n7	69.39
q8_0_o4096_n8	78.92
q8_0_o8192_n1	208.63
q8_0_o8192_n2	207.87
q8_0_o8192_n3	215.26
q8_0_o8192_n4	210.40
q8_0_o8192_n5	212.75
q8_0_o8192_n6	214.35
q8_0_o8192_n7	221.35
q8_0_o8192_n8	223.97
q8_0_o17408_n1	439.84
q8_0_o17408_n2	439.07
q8_0_o17408_n3	442.70
q8_0_o17408_n4	443.18
q8_0_o17408_n5	445.72
q8_0_o17408_n6	450.45
q8_0_o17408_n7	450.99
q8_0_o17408_n8	460.71
q2_K_o512_n1	8.57
q2_K_o512_n2	10.43
q2_K_o512_n3	12.35
q2_K_o512_n4	14.37
q2_K_o512_n5	16.74
q2_K_o512_n6	19.08
q2_K_o512_n7	22.24
q2_K_o512_n8	24.95
q2_K_o1024_n1	11.17
q2_K_o1024_n2	14.79
q2_K_o1024_n3	19.59
q2_K_o1024_n4	23.60
q2_K_o1024_n5	29.50
q2_K_o1024_n6	34.21
q2_K_o1024_n7	37.61
q2_K_o1024_n8	42.66
q2_K_o2048_n1	20.09
q2_K_o2048_n2	26.86
q2_K_o2048_n3	36.06
q2_K_o2048_n4	44.97
q2_K_o2048_n5	53.25
q2_K_o2048_n6	59.78
q2_K_o2048_n7	67.88
q2_K_o2048_n8	78.56
q2_K_o4096_n1	32.28
q2_K_o4096_n2	46.17
q2_K_o4096_n3	62.73
q2_K_o4096_n4	81.93
q2_K_o4096_n5	103.75
q2_K_o4096_n6	115.82
q2_K_o4096_n7	131.77
q2_K_o4096_n8	147.04
q2_K_o8192_n1	56.16
q2_K_o8192_n2	87.43
q2_K_o8192_n3	117.61
q2_K_o8192_n4	149.12
q2_K_o8192_n5	181.14
q2_K_o8192_n6	212.37
q2_K_o8192_n7	249.30
q2_K_o8192_n8	279.06
q2_K_o17408_n1	107.91
q2_K_o17408_n2	170.14
q2_K_o17408_n3	237.40
q2_K_o17408_n4	294.87
q2_K_o17408_n5	360.72
q2_K_o17408_n6	448.05
q2_K_o17408_n7	555.10
q2_K_o17408_n8	591.65
q3_K_o512_n1	10.84
q3_K_o512_n2	11.64
q3_K_o512_n3	13.45
q3_K_o512_n4	15.02
q3_K_o512_n5	17.52
q3_K_o512_n6	19.43
q3_K_o512_n7	21.32
q3_K_o512_n8	24.14
q3_K_o1024_n1	16.21
q3_K_o1024_n2	18.66
q3_K_o1024_n3	22.40
q3_K_o1024_n4	26.49
q3_K_o1024_n5	28.96
q3_K_o1024_n6	33.14
q3_K_o1024_n7	36.42
q3_K_o1024_n8	42.38
q3_K_o2048_n1	28.01
q3_K_o2048_n2	33.43
q3_K_o2048_n3	40.36
q3_K_o2048_n4	47.43
q3_K_o2048_n5	57.86
q3_K_o2048_n6	58.99
q3_K_o2048_n7	63.55
q3_K_o2048_n8	77.30
q3_K_o4096_n1	51.47
q3_K_o4096_n2	57.48
q3_K_o4096_n3	73.30
q3_K_o4096_n4	86.77
q3_K_o4096_n5	100.78
q3_K_o4096_n6	112.85
q3_K_o4096_n7	124.45
q3_K_o4096_n8	139.08
q3_K_o8192_n1	98.78
q3_K_o8192_n2	113.99
q3_K_o8192_n3	138.18
q3_K_o8192_n4	162.77
q3_K_o8192_n5	195.57
q3_K_o8192_n6	215.58
q3_K_o8192_n7	235.14
q3_K_o8192_n8	262.91
q3_K_o17408_n1	188.20
q3_K_o17408_n2	222.07
q3_K_o17408_n3	274.42
q3_K_o17408_n4	320.17
q3_K_o17408_n5	390.57
q3_K_o17408_n6	436.85
q3_K_o17408_n7	513.00
q3_K_o17408_n8	598.67
q4_K_o512_n1	8.39
q4_K_o512_n2	9.84
q4_K_o512_n3	11.34
q4_K_o512_n4	12.89
q4_K_o512_n5	14.51
q4_K_o512_n6	15.92
q4_K_o512_n7	17.99
q4_K_o512_n8	20.91
q4_K_o1024_n1	11.11
q4_K_o1024_n2	14.38
q4_K_o1024_n3	17.66
q4_K_o1024_n4	20.68
q4_K_o1024_n5	23.68
q4_K_o1024_n6	26.74
q4_K_o1024_n7	29.66
q4_K_o1024_n8	34.20
q4_K_o2048_n1	17.42
q4_K_o2048_n2	23.81
q4_K_o2048_n3	32.50
q4_K_o2048_n4	36.89
q4_K_o2048_n5	43.16
q4_K_o2048_n6	49.79
q4_K_o2048_n7	61.77
q4_K_o2048_n8	65.39
q4_K_o4096_n1	28.44
q4_K_o4096_n2	40.23
q4_K_o4096_n3	55.68
q4_K_o4096_n4	64.27
q4_K_o4096_n5	78.92
q4_K_o4096_n6	90.19
q4_K_o4096_n7	106.87
q4_K_o4096_n8	114.82
q4_K_o8192_n1	50.33
q4_K_o8192_n2	72.97
q4_K_o8192_n3	108.85
q4_K_o8192_n4	117.38
q4_K_o8192_n5	148.53
q4_K_o8192_n6	165.02
q4_K_o8192_n7	203.05
q4_K_o8192_n8	214.93
q4_K_o17408_n1	238.68
q4_K_o17408_n2	239.00
q4_K_o17408_n3	248.58
q4_K_o17408_n4	264.85
q4_K_o17408_n5	311.51
q4_K_o17408_n6	343.21
q4_K_o17408_n7	399.62
q4_K_o17408_n8	461.84
q6_K_o512_n1	11.66
q6_K_o512_n2	12.15
q6_K_o512_n3	13.40
q6_K_o512_n4	14.71
q6_K_o512_n5	16.62
q6_K_o512_n6	19.00
q6_K_o512_n7	20.78
q6_K_o512_n8	23.04
q6_K_o1024_n1	15.09
q6_K_o1024_n2	18.25
q6_K_o1024_n3	21.83
q6_K_o1024_n4	24.24
q6_K_o1024_n5	27.56
q6_K_o1024_n6	30.49
q6_K_o1024_n7	37.40
q6_K_o1024_n8	37.91
q6_K_o2048_n1	25.13
q6_K_o2048_n2	31.77
q6_K_o2048_n3	38.21
q6_K_o2048_n4	43.27
q6_K_o2048_n5	50.52
q6_K_o2048_n6	56.88
q6_K_o2048_n7	65.02
q6_K_o2048_n8	76.52
q6_K_o4096_n1	43.66
q6_K_o4096_n2	55.81
q6_K_o4096_n3	68.24
q6_K_o4096_n4	88.02
q6_K_o4096_n5	93.03
q6_K_o4096_n6	104.43
q6_K_o4096_n7	116.75
q6_K_o4096_n8	130.02
q6_K_o8192_n1	95.04
q6_K_o8192_n2	110.08
q6_K_o8192_n3	133.23
q6_K_o8192_n4	151.75
q6_K_o8192_n5	188.80
q6_K_o8192_n6	204.62
q6_K_o8192_n7	230.36
q6_K_o8192_n8	253.30
q6_K_o17408_n1	360.75
q6_K_o17408_n2	354.77
q6_K_o17408_n3	363.53
q6_K_o17408_n4	365.20
q6_K_o17408_n5	377.87
q6_K_o17408_n6	424.34
q6_K_o17408_n7	468.39
q6_K_o17408_n8	516.89
